{"epoch": 0, "loss": 0, "accuracy": 0, "_timestamp": 1686918290.6154938, "_runtime": 21.464172840118408, "_step": 0, "_wandb": {"runtime": 53}}