{"train/loss": 0.0006, "train/learning_rate": 6.335469989692255e-09, "train/epoch": 1.0, "train/global_step": 312, "_timestamp": 1686899612.8815703, "_runtime": 1233.9961812496185, "_step": 31, "train/train_runtime": 1235.1371, "train/train_samples_per_second": 4.047, "train/train_steps_per_second": 0.253, "train/total_flos": 0.0, "train/train_loss": 0.16926212329118967, "_wandb": {"runtime": 1232}}