{"epoch": 20.968, "loss": 0.0, "accuracy": 0, "_timestamp": 1686942622.780069, "_runtime": 24279.461160182953, "_step": 645, "train/loss": 0.0, "train/learning_rate": 5.703126458866948e-12, "train/epoch": 19.97, "train/global_step": 6240, "learning_rate": 1e-05, "train/train_runtime": 24259.8516, "train/train_samples_per_second": 4.12, "train/train_steps_per_second": 0.257, "train/total_flos": 0.0, "train/train_loss": 0.00831145805479698, "_wandb": {"runtime": 24277}}