{"epoch": 0, "loss": 0, "accuracy": 0, "_timestamp": 1686918220.9198725, "_runtime": 19.23876142501831, "_step": 0, "_wandb": {"runtime": 48}}