{"train/loss": 0.0004, "train/learning_rate": 9.441237426976596e-06, "train/epoch": 0.77, "train/global_step": 240, "_timestamp": 1686898290.4324234, "_runtime": 938.8751833438873, "_step": 23, "_wandb": {"runtime": 955}}